version,2.4.0
info,balls_per_over,6
info,team,India
info,team,Sri Lanka
info,gender,male
info,team_type,international
info,season,2026
info,date,2026/10/01
info,match_id,1552777
info,match_type,T20
info,match_type_number,4153
info,overs,20
info,event,Asian Games Men's Cricket Competition
info,venue,Korogi Sports Park
info,city,Nisshin
info,toss_winner,Sri Lanka
info,toss_decision,field
info,umpire,Faisal Afridi
info,umpire,Gazi Sohel
info,reserve_umpire,C Thurgate
info,tv_umpire,Farooq Khan
info,match_referee,Kamran Chaudary
info,target_overs,2,20
info,target_runs,2,170
info,winner,India
info,winner_runs,124
info,player,India,V Suryavanshi
info,player,India,Abhishek Sharma
info,player,India,SV Samson
info,player,India,SS Iyer
info,player,India,Ishan Kishan
info,player,India,AR Patel
info,player,India,Tilak Varma
info,player,India,S Dube
info,player,India,Washington Sundar
info,player,India,Ravi Bishnoi
info,player,India,JJ Bumrah
info,player,Sri Lanka,Sineth Jayawardena
info,player,Sri Lanka,L Croospulle
info,player,Sri Lanka,S de Livera
info,player,Sri Lanka,MNK Fernando
info,player,Sri Lanka,SSD Arachchige
info,player,Sri Lanka,KNA Bandara
info,player,Sri Lanka,C Karunaratne
info,player,Sri Lanka,W Sahan
info,player,Sri Lanka,KTH Ratnayake
info,player,Sri Lanka,V Viyaskanth
info,player,Sri Lanka,B Fernando
info,registry,people,AR Patel,2e171977
info,registry,people,Abhishek Sharma,f29185a1
info,registry,people,B Fernando,dabbd0ae
info,registry,people,C Karunaratne,fb3e0d39
info,registry,people,C Thurgate,4d8ad58c
info,registry,people,Faisal Afridi,ed0bc503
info,registry,people,Farooq Khan,c1d0caa5
info,registry,people,Gazi Sohel,f0df3ed7
info,registry,people,Ishan Kishan,752f7486
info,registry,people,JJ Bumrah,462411b3
info,registry,people,KNA Bandara,585dda5d
info,registry,people,KTH Ratnayake,4eb02f2e
info,registry,people,Kamran Chaudary,77817be7
info,registry,people,L Croospulle,e30c9b2d
info,registry,people,MNK Fernando,ba603555
info,registry,people,Ravi Bishnoi,df064e1a
info,registry,people,S Dube,a4e37e47
info,registry,people,S de Livera,77708937
info,registry,people,SS Iyer,85ec8e33
info,registry,people,SSD Arachchige,c05f9d20
info,registry,people,SV Samson,a4cc73aa
info,registry,people,Sineth Jayawardena,e4bf3570
info,registry,people,Tilak Varma,b0482a1d
info,registry,people,V Suryavanshi,470f446b
info,registry,people,V Viyaskanth,03a83c50
info,registry,people,W Sahan,d86d276e
info,registry,people,Washington Sundar,f19ccfad
info,registry,venues,Korogi Sports Park,bef5bb0f
