match_id,season,start_date,venue,innings,ball,actual_delivery,batting_team,bowling_team,striker,non_striker,bowler,runs_off_bat,extras,wides,noballs,byes,legbyes,penalty,non_boundary,wicket_type,player_dismissed,other_wicket_type,other_player_dismissed,fielder_1,fielder_2,fielder_3
1554978,2026,2026-10-03,"Takashinga Sports Club, Highfield, Harare",1,0.1,0.1,Zimbabwe,West Indies,M Mupachikwa,SM Mayers,CA Henry,0,0,,,,,,,,,,,,,
1554978,2026,2026-10-03,"Takashinga Sports Club, Highfield, Harare",1,0.2,0.2,Zimbabwe,West Indies,M Mupachikwa,SM Mayers,CA Henry,0,0,,,,,,,,,,,,,
1554978,2026,2026-10-03,"Takashinga Sports Club, Highfield, Harare",1,0.3,0.3,Zimbabwe,West Indies,M Mupachikwa,SM Mayers,CA Henry,2,0,,,,,,,,,,,,,
1554978,2026,2026-10-03,"Takashinga Sports Club, Highfield, Harare",1,0.4,0.4,Zimbabwe,West Indies,M Mupachikwa,SM Mayers,CA Henry,1,0,,,,,,,,,,,,,
1554978,2026,2026-10-03,"Takashinga Sports Club, Highfield, Harare",1,0.5,0.5,Zimbabwe,West Indies,SM Mayers,M Mupachikwa,CA Henry,0,0,,,,,,,,,,,,,
1554978,2026,2026-10-03,"Takashinga Sports Club, Highfield, Harare",1,0.6,0.6,Zimbabwe,West Indies,SM Mayers,M Mupachikwa,CA Henry,0,0,,,,,,,,,,,,,
1554978,2026,2026-10-03,"Takashinga Sports Club, Highfield, Harare",1,1.1,1.1,Zimbabwe,West Indies,M Mupachikwa,SM Mayers,S Hector,0,0,,,,,,,,,,,,,
1554978,2026,2026-10-03,"Takashinga Sports Club, Highfield, Harare",1,1.2,1.2,Zimbabwe,West Indies,M Mupachikwa,SM Mayers,S Hector,2,1,,1,,,,,,,,,,,
1554978,2026,2026-10-03,"Takashinga Sports Club, Highfield, Harare",1,1.3,1.2,Zimbabwe,West Indies,M Mupachikwa,SM Mayers,S Hector,0,0,,,,,,,,,,,,,
1554978,2026,2026-10-03,"Takashinga Sports Club, Highfield, Harare",1,1.4,1.3,Zimbabwe,West Indies,M Mupachikwa,SM Mayers,S Hector,0,0,,,,,,,,,,,,,
1554978,2026,2026-10-03,"Takashinga Sports Club, Highfield, Harare",1,1.5,1.4,Zimbabwe,West Indies,M Mupachikwa,SM Mayers,S Hector,0,0,,,,,,,,,,,,,
1554978,2026,2026-10-03,"Takashinga Sports Club, Highfield, Harare",1,1.6,1.5,Zimbabwe,West Indies,M Mupachikwa,SM Mayers,S Hector,4,0,,,,,,,,,,,,,
1554978,2026,2026-10-03,"Takashinga Sports Club, Highfield, Harare",1,1.7,1.6,Zimbabwe,West Indies,M Mupachikwa,SM Mayers,S Hector,0,1,1,,,,,,,,,,,,
1554978,2026,2026-10-03,"Takashinga Sports Club, Highfield, Harare",1,1.8,1.6,Zimbabwe,West Indies,M Mupachikwa,SM Mayers,S Hector,1,0,,,,,,,,,,,,,
1554978,2026,2026-10-03,"Takashinga Sports Club, Highfield, Harare",1,2.1,2.1,Zimbabwe,West Indies,M Mupachikwa,SM Mayers,CA Henry,0,0,,,,,,,,,,,,,
1554978,2026,2026-10-03,"Takashinga Sports Club, Highfield, Harare",1,2.2,2.2,Zimbabwe,West Indies,M Mupachikwa,SM Mayers,CA Henry,0,0,,,,,,,,,,,,,
1554978,2026,2026-10-03,"Takashinga Sports Club, Highfield, Harare",1,2.3,2.3,Zimbabwe,West Indies,M Mupachikwa,SM Mayers,CA Henry,1,0,,,,,,,,,,,,,
1554978,2026,2026-10-03,"Takashinga Sports Club, Highfield, Harare",1,2.4,2.4,Zimbabwe,West Indies,SM Mayers,M Mupachikwa,CA Henry,0,0,,,,,,,,,,,,,
1554978,2026,2026-10-03,"Takashinga Sports Club, Highfield, Harare",1,2.5,2.5,Zimbabwe,West Indies,SM Mayers,M Mupachikwa,CA Henry,0,0,,,,,,,,,,,,,
1554978,2026,2026-10-03,"Takashinga Sports Club, Highfield, Harare",1,2.6,2.6,Zimbabwe,West Indies,SM Mayers,M Mupachikwa,CA Henry,0,0,,,,,,,caught,SM Mayers,,,ASS Fletcher,,
1554978,2026,2026-10-03,"Takashinga Sports Club, Highfield, Harare",1,3.1,3.1,Zimbabwe,West Indies,M Mupachikwa,K Ndlovu,S Hector,0,0,,,,,,,,,,,,,
1554978,2026,2026-10-03,"Takashinga Sports Club, Highfield, Harare",1,3.2,3.2,Zimbabwe,West Indies,M Mupachikwa,K Ndlovu,S Hector,1,0,,,,,,,,,,,,,
1554978,2026,2026-10-03,"Takashinga Sports Club, Highfield, Harare",1,3.3,3.3,Zimbabwe,West Indies,K Ndlovu,M Mupachikwa,S Hector,4,0,,,,,,,,,,,,,
1554978,2026,2026-10-03,"Takashinga Sports Club, Highfield, Harare",1,3.4,3.4,Zimbabwe,West Indies,K Ndlovu,M Mupachikwa,S Hector,0,0,,,,,,,,,,,,,
1554978,2026,2026-10-03,"Takashinga Sports Club, Highfield, Harare",1,3.5,3.5,Zimbabwe,West Indies,K Ndlovu,M Mupachikwa,S Hector,1,0,,,,,,,,,,,,,
1554978,2026,2026-10-03,"Takashinga Sports Club, Highfield, Harare",1,3.6,3.6,Zimbabwe,West Indies,M Mupachikwa,K Ndlovu,S Hector,0,0,,,,,,,,,,,,,
1554978,2026,2026-10-03,"Takashinga Sports Club, Highfield, Harare",1,4.1,4.1,Zimbabwe,West Indies,K Ndlovu,M Mupachikwa,CA Henry,0,0,,,,,,,,,,,,,
1554978,2026,2026-10-03,"Takashinga Sports Club, Highfield, Harare",1,4.2,4.2,Zimbabwe,West Indies,K Ndlovu,M Mupachikwa,CA Henry,0,0,,,,,,,,,,,,,
1554978,2026,2026-10-03,"Takashinga Sports Club, Highfield, Harare",1,4.3,4.3,Zimbabwe,West Indies,K Ndlovu,M Mupachikwa,CA Henry,0,0,,,,,,,,,,,,,
1554978,2026,2026-10-03,"Takashinga Sports Club, Highfield, Harare",1,4.4,4.4,Zimbabwe,West Indies,K Ndlovu,M Mupachikwa,CA Henry,0,0,,,,,,,,,,,,,
1554978,2026,2026-10-03,"Takashinga Sports Club, Highfield, Harare",1,4.5,4.5,Zimbabwe,West Indies,K Ndlovu,M Mupachikwa,CA Henry,1,0,,,,,,,,,,,,,
1554978,2026,2026-10-03,"Takashinga Sports Club, Highfield, Harare",1,4.6,4.6,Zimbabwe,West Indies,M Mupachikwa,K Ndlovu,CA Henry,0,1,1,,,,,,,,,,,,
1554978,2026,2026-10-03,"Takashinga Sports Club, Highfield, Harare",1,4.7,4.6,Zimbabwe,West Indies,M Mupachikwa,K Ndlovu,CA Henry,1,0,,,,,,,,,,,,,
1554978,2026,2026-10-03,"Takashinga Sports Club, Highfield, Harare",1,5.1,5.1,Zimbabwe,West Indies,M Mupachikwa,K Ndlovu,K Ramharack,0,0,,,,,,,,,,,,,
1554978,2026,2026-10-03,"Takashinga Sports Club, Highfield, Harare",1,5.2,5.2,Zimbabwe,West Indies,M Mupachikwa,K Ndlovu,K Ramharack,0,0,,,,,,,,,,,,,
1554978,2026,2026-10-03,"Takashinga Sports Club, Highfield, Harare",1,5.3,5.3,Zimbabwe,West Indies,M Mupachikwa,K Ndlovu,K Ramharack,0,0,,,,,,,,,,,,,
1554978,2026,2026-10-03,"Takashinga Sports Club, Highfield, Harare",1,5.4,5.4,Zimbabwe,West Indies,M Mupachikwa,K Ndlovu,K Ramharack,1,0,,,,,,,,,,,,,
1554978,2026,2026-10-03,"Takashinga Sports Club, Highfield, Harare",1,5.5,5.5,Zimbabwe,West Indies,K Ndlovu,M Mupachikwa,K Ramharack,4,0,,,,,,,,,,,,,
1554978,2026,2026-10-03,"Takashinga Sports Club, Highfield, Harare",1,5.6,5.6,Zimbabwe,West Indies,K Ndlovu,M Mupachikwa,K Ramharack,0,0,,,,,,,,,,,,,
1554978,2026,2026-10-03,"Takashinga Sports Club, Highfield, Harare",1,6.1,6.1,Zimbabwe,West Indies,M Mupachikwa,K Ndlovu,ASS Fletcher,0,0,,,,,,,,,,,,,
1554978,2026,2026-10-03,"Takashinga Sports Club, Highfield, Harare",1,6.2,6.2,Zimbabwe,West Indies,M Mupachikwa,K Ndlovu,ASS Fletcher,0,0,,,,,,,,,,,,,
1554978,2026,2026-10-03,"Takashinga Sports Club, Highfield, Harare",1,6.3,6.3,Zimbabwe,West Indies,M Mupachikwa,K Ndlovu,ASS Fletcher,0,0,,,,,,,,,,,,,
1554978,2026,2026-10-03,"Takashinga Sports Club, Highfield, Harare",1,6.4,6.4,Zimbabwe,West Indies,M Mupachikwa,K Ndlovu,ASS Fletcher,1,0,,,,,,,,,,,,,
1554978,2026,2026-10-03,"Takashinga Sports Club, Highfield, Harare",1,6.5,6.5,Zimbabwe,West Indies,K Ndlovu,M Mupachikwa,ASS Fletcher,1,0,,,,,,,,,,,,,
1554978,2026,2026-10-03,"Takashinga Sports Club, Highfield, Harare",1,6.6,6.6,Zimbabwe,West Indies,M Mupachikwa,K Ndlovu,ASS Fletcher,0,0,,,,,,,,,,,,,
1554978,2026,2026-10-03,"Takashinga Sports Club, Highfield, Harare",1,7.1,7.1,Zimbabwe,West Indies,K Ndlovu,M Mupachikwa,K Ramharack,0,0,,,,,,,lbw,K Ndlovu,,,,,
1554978,2026,2026-10-03,"Takashinga Sports Club, Highfield, Harare",1,7.2,7.2,Zimbabwe,West Indies,CS Mugeri-Tiripano,M Mupachikwa,K Ramharack,0,0,,,,,,,,,,,,,
1554978,2026,2026-10-03,"Takashinga Sports Club, Highfield, Harare",1,7.3,7.3,Zimbabwe,West Indies,CS Mugeri-Tiripano,M Mupachikwa,K Ramharack,2,0,,,,,,,,,,,,,
1554978,2026,2026-10-03,"Takashinga Sports Club, Highfield, Harare",1,7.4,7.4,Zimbabwe,West Indies,CS Mugeri-Tiripano,M Mupachikwa,K Ramharack,0,0,,,,,,,,,,,,,
1554978,2026,2026-10-03,"Takashinga Sports Club, Highfield, Harare",1,7.5,7.5,Zimbabwe,West Indies,CS Mugeri-Tiripano,M Mupachikwa,K Ramharack,0,0,,,,,,,,,,,,,
1554978,2026,2026-10-03,"Takashinga Sports Club, Highfield, Harare",1,7.6,7.6,Zimbabwe,West Indies,CS Mugeri-Tiripano,M Mupachikwa,K Ramharack,0,0,,,,,,,,,,,,,
1554978,2026,2026-10-03,"Takashinga Sports Club, Highfield, Harare",1,8.1,8.1,Zimbabwe,West Indies,M Mupachikwa,CS Mugeri-Tiripano,ASS Fletcher,1,0,,,,,,,,,,,,,
1554978,2026,2026-10-03,"Takashinga Sports Club, Highfield, Harare",1,8.2,8.2,Zimbabwe,West Indies,CS Mugeri-Tiripano,M Mupachikwa,ASS Fletcher,1,0,,,,,,,,,,,,,
1554978,2026,2026-10-03,"Takashinga Sports Club, Highfield, Harare",1,8.3,8.3,Zimbabwe,West Indies,M Mupachikwa,CS Mugeri-Tiripano,ASS Fletcher,1,0,,,,,,,,,,,,,
1554978,2026,2026-10-03,"Takashinga Sports Club, Highfield, Harare",1,8.4,8.4,Zimbabwe,West Indies,CS Mugeri-Tiripano,M Mupachikwa,ASS Fletcher,0,0,,,,,,,,,,,,,
1554978,2026,2026-10-03,"Takashinga Sports Club, Highfield, Harare",1,8.5,8.5,Zimbabwe,West Indies,CS Mugeri-Tiripano,M Mupachikwa,ASS Fletcher,1,0,,,,,,,,,,,,,
1554978,2026,2026-10-03,"Takashinga Sports Club, Highfield, Harare",1,8.6,8.6,Zimbabwe,West Indies,M Mupachikwa,CS Mugeri-Tiripano,ASS Fletcher,1,0,,,,,,,,,,,,,
1554978,2026,2026-10-03,"Takashinga Sports Club, Highfield, Harare",1,9.1,9.1,Zimbabwe,West Indies,M Mupachikwa,CS Mugeri-Tiripano,K Ramharack,1,0,,,,,,,,,,,,,
1554978,2026,2026-10-03,"Takashinga Sports Club, Highfield, Harare",1,9.2,9.2,Zimbabwe,West Indies,CS Mugeri-Tiripano,M Mupachikwa,K Ramharack,0,0,,,,,,,,,,,,,
1554978,2026,2026-10-03,"Takashinga Sports Club, Highfield, Harare",1,9.3,9.3,Zimbabwe,West Indies,CS Mugeri-Tiripano,M Mupachikwa,K Ramharack,0,0,,,,,,,caught,CS Mugeri-Tiripano,,,ASS Fletcher,,
1554978,2026,2026-10-03,"Takashinga Sports Club, Highfield, Harare",1,9.4,9.4,Zimbabwe,West Indies,B Biza,M Mupachikwa,K Ramharack,1,0,,,,,,,,,,,,,
1554978,2026,2026-10-03,"Takashinga Sports Club, Highfield, Harare",1,9.5,9.5,Zimbabwe,West Indies,M Mupachikwa,B Biza,K Ramharack,1,0,,,,,,,,,,,,,
1554978,2026,2026-10-03,"Takashinga Sports Club, Highfield, Harare",1,9.6,9.6,Zimbabwe,West Indies,B Biza,M Mupachikwa,K Ramharack,1,0,,,,,,,,,,,,,
1554978,2026,2026-10-03,"Takashinga Sports Club, Highfield, Harare",1,10.1,10.1,Zimbabwe,West Indies,B Biza,M Mupachikwa,ASS Fletcher,0,0,,,,,,,,,,,,,
1554978,2026,2026-10-03,"Takashinga Sports Club, Highfield, Harare",1,10.2,10.2,Zimbabwe,West Indies,B Biza,M Mupachikwa,ASS Fletcher,0,1,,,,1,,,,,,,,,
1554978,2026,2026-10-03,"Takashinga Sports Club, Highfield, Harare",1,10.3,10.3,Zimbabwe,West Indies,M Mupachikwa,B Biza,ASS Fletcher,0,0,,,,,,,bowled,M Mupachikwa,,,,,
1554978,2026,2026-10-03,"Takashinga Sports Club, Highfield, Harare",1,10.4,10.4,Zimbabwe,West Indies,J Nkomo,B Biza,ASS Fletcher,1,0,,,,,,,,,,,,,
1554978,2026,2026-10-03,"Takashinga Sports Club, Highfield, Harare",1,10.5,10.5,Zimbabwe,West Indies,B Biza,J Nkomo,ASS Fletcher,0,0,,,,,,,,,,,,,
1554978,2026,2026-10-03,"Takashinga Sports Club, Highfield, Harare",1,10.6,10.6,Zimbabwe,West Indies,B Biza,J Nkomo,ASS Fletcher,2,0,,,,,,,,,,,,,
1554978,2026,2026-10-03,"Takashinga Sports Club, Highfield, Harare",1,11.1,11.1,Zimbabwe,West Indies,J Nkomo,B Biza,SR Taylor,0,1,1,,,,,,,,,,,,
1554978,2026,2026-10-03,"Takashinga Sports Club, Highfield, Harare",1,11.2,11.1,Zimbabwe,West Indies,J Nkomo,B Biza,SR Taylor,1,0,,,,,,,,,,,,,
1554978,2026,2026-10-03,"Takashinga Sports Club, Highfield, Harare",1,11.3,11.2,Zimbabwe,West Indies,B Biza,J Nkomo,SR Taylor,1,0,,,,,,,,,,,,,
1554978,2026,2026-10-03,"Takashinga Sports Club, Highfield, Harare",1,11.4,11.3,Zimbabwe,West Indies,J Nkomo,B Biza,SR Taylor,1,0,,,,,,,,,,,,,
1554978,2026,2026-10-03,"Takashinga Sports Club, Highfield, Harare",1,11.5,11.4,Zimbabwe,West Indies,B Biza,J Nkomo,SR Taylor,0,1,1,,,,,,,,,,,,
1554978,2026,2026-10-03,"Takashinga Sports Club, Highfield, Harare",1,11.6,11.4,Zimbabwe,West Indies,B Biza,J Nkomo,SR Taylor,0,0,,,,,,,,,,,,,
1554978,2026,2026-10-03,"Takashinga Sports Club, Highfield, Harare",1,11.7,11.5,Zimbabwe,West Indies,B Biza,J Nkomo,SR Taylor,0,0,,,,,,,,,,,,,
1554978,2026,2026-10-03,"Takashinga Sports Club, Highfield, Harare",1,11.8,11.6,Zimbabwe,West Indies,B Biza,J Nkomo,SR Taylor,0,0,,,,,,,,,,,,,
1554978,2026,2026-10-03,"Takashinga Sports Club, Highfield, Harare",1,12.1,12.1,Zimbabwe,West Indies,J Nkomo,B Biza,JKC Claxton,0,0,,,,,,,,,,,,,
1554978,2026,2026-10-03,"Takashinga Sports Club, Highfield, Harare",1,12.2,12.2,Zimbabwe,West Indies,J Nkomo,B Biza,JKC Claxton,1,0,,,,,,,,,,,,,
1554978,2026,2026-10-03,"Takashinga Sports Club, Highfield, Harare",1,12.3,12.3,Zimbabwe,West Indies,B Biza,J Nkomo,JKC Claxton,4,0,,,,,,,,,,,,,
1554978,2026,2026-10-03,"Takashinga Sports Club, Highfield, Harare",1,12.4,12.4,Zimbabwe,West Indies,B Biza,J Nkomo,JKC Claxton,0,0,,,,,,,,,,,,,
1554978,2026,2026-10-03,"Takashinga Sports Club, Highfield, Harare",1,12.5,12.5,Zimbabwe,West Indies,B Biza,J Nkomo,JKC Claxton,1,0,,,,,,,,,,,,,
1554978,2026,2026-10-03,"Takashinga Sports Club, Highfield, Harare",1,12.6,12.6,Zimbabwe,West Indies,J Nkomo,B Biza,JKC Claxton,0,0,,,,,,,,,,,,,
1554978,2026,2026-10-03,"Takashinga Sports Club, Highfield, Harare",1,13.1,13.1,Zimbabwe,West Indies,B Biza,J Nkomo,SR Taylor,0,1,1,,,,,,,,,,,,
1554978,2026,2026-10-03,"Takashinga Sports Club, Highfield, Harare",1,13.2,13.1,Zimbabwe,West Indies,B Biza,J Nkomo,SR Taylor,1,0,,,,,,,,,,,,,
1554978,2026,2026-10-03,"Takashinga Sports Club, Highfield, Harare",1,13.3,13.2,Zimbabwe,West Indies,J Nkomo,B Biza,SR Taylor,1,0,,,,,,,,,,,,,
1554978,2026,2026-10-03,"Takashinga Sports Club, Highfield, Harare",1,13.4,13.3,Zimbabwe,West Indies,B Biza,J Nkomo,SR Taylor,1,0,,,,,,,,,,,,,
1554978,2026,2026-10-03,"Takashinga Sports Club, Highfield, Harare",1,13.5,13.4,Zimbabwe,West Indies,J Nkomo,B Biza,SR Taylor,1,0,,,,,,,,,,,,,
1554978,2026,2026-10-03,"Takashinga Sports Club, Highfield, Harare",1,13.6,13.5,Zimbabwe,West Indies,B Biza,J Nkomo,SR Taylor,1,0,,,,,,,,,,,,,
1554978,2026,2026-10-03,"Takashinga Sports Club, Highfield, Harare",1,13.7,13.6,Zimbabwe,West Indies,J Nkomo,B Biza,SR Taylor,1,0,,,,,,,,,,,,,
1554978,2026,2026-10-03,"Takashinga Sports Club, Highfield, Harare",1,14.1,14.1,Zimbabwe,West Indies,J Nkomo,B Biza,JKC Claxton,1,0,,,,,,,,,,,,,
1554978,2026,2026-10-03,"Takashinga Sports Club, Highfield, Harare",1,14.2,14.2,Zimbabwe,West Indies,B Biza,J Nkomo,JKC Claxton,0,1,1,,,,,,,,,,,,
1554978,2026,2026-10-03,"Takashinga Sports Club, Highfield, Harare",1,14.3,14.2,Zimbabwe,West Indies,B Biza,J Nkomo,JKC Claxton,1,0,,,,,,,,,,,,,
1554978,2026,2026-10-03,"Takashinga Sports Club, Highfield, Harare",1,14.4,14.3,Zimbabwe,West Indies,J Nkomo,B Biza,JKC Claxton,0,0,,,,,,,caught,J Nkomo,,,ASS Fletcher,,
1554978,2026,2026-10-03,"Takashinga Sports Club, Highfield, Harare",1,14.5,14.4,Zimbabwe,West Indies,N Gwanzura,B Biza,JKC Claxton,1,0,,,,,,,,,,,,,
1554978,2026,2026-10-03,"Takashinga Sports Club, Highfield, Harare",1,14.6,14.5,Zimbabwe,West Indies,B Biza,N Gwanzura,JKC Claxton,1,0,,,,,,,,,,,,,
1554978,2026,2026-10-03,"Takashinga Sports Club, Highfield, Harare",1,14.7,14.6,Zimbabwe,West Indies,N Gwanzura,B Biza,JKC Claxton,0,0,,,,,,,,,,,,,
1554978,2026,2026-10-03,"Takashinga Sports Club, Highfield, Harare",1,15.1,15.1,Zimbabwe,West Indies,B Biza,N Gwanzura,SR Taylor,0,0,,,,,,,,,,,,,
1554978,2026,2026-10-03,"Takashinga Sports Club, Highfield, Harare",1,15.2,15.2,Zimbabwe,West Indies,B Biza,N Gwanzura,SR Taylor,1,0,,,,,,,,,,,,,
1554978,2026,2026-10-03,"Takashinga Sports Club, Highfield, Harare",1,15.3,15.3,Zimbabwe,West Indies,N Gwanzura,B Biza,SR Taylor,4,0,,,,,,,,,,,,,
1554978,2026,2026-10-03,"Takashinga Sports Club, Highfield, Harare",1,15.4,15.4,Zimbabwe,West Indies,N Gwanzura,B Biza,SR Taylor,0,0,,,,,,,,,,,,,
1554978,2026,2026-10-03,"Takashinga Sports Club, Highfield, Harare",1,15.5,15.5,Zimbabwe,West Indies,N Gwanzura,B Biza,SR Taylor,0,0,,,,,,,,,,,,,
1554978,2026,2026-10-03,"Takashinga Sports Club, Highfield, Harare",1,15.6,15.6,Zimbabwe,West Indies,N Gwanzura,B Biza,SR Taylor,1,0,,,,,,,,,,,,,
1554978,2026,2026-10-03,"Takashinga Sports Club, Highfield, Harare",1,16.1,16.1,Zimbabwe,West Indies,N Gwanzura,B Biza,ASS Fletcher,2,0,,,,,,,,,,,,,
1554978,2026,2026-10-03,"Takashinga Sports Club, Highfield, Harare",1,16.2,16.2,Zimbabwe,West Indies,N Gwanzura,B Biza,ASS Fletcher,0,0,,,,,,,,,,,,,
1554978,2026,2026-10-03,"Takashinga Sports Club, Highfield, Harare",1,16.3,16.3,Zimbabwe,West Indies,N Gwanzura,B Biza,ASS Fletcher,0,0,,,,,,,,,,,,,
1554978,2026,2026-10-03,"Takashinga Sports Club, Highfield, Harare",1,16.4,16.4,Zimbabwe,West Indies,N Gwanzura,B Biza,ASS Fletcher,2,0,,,,,,,,,,,,,
1554978,2026,2026-10-03,"Takashinga Sports Club, Highfield, Harare",1,16.5,16.5,Zimbabwe,West Indies,N Gwanzura,B Biza,ASS Fletcher,0,0,,,,,,,caught,N Gwanzura,,,K Ramharack,,
1554978,2026,2026-10-03,"Takashinga Sports Club, Highfield, Harare",1,16.6,16.6,Zimbabwe,West Indies,M Mavunga,B Biza,ASS Fletcher,4,0,,,,,,,,,,,,,
1554978,2026,2026-10-03,"Takashinga Sports Club, Highfield, Harare",1,17.1,17.1,Zimbabwe,West Indies,B Biza,M Mavunga,K Ramharack,4,0,,,,,,,,,,,,,
1554978,2026,2026-10-03,"Takashinga Sports Club, Highfield, Harare",1,17.2,17.2,Zimbabwe,West Indies,B Biza,M Mavunga,K Ramharack,0,0,,,,,,,,,,,,,
1554978,2026,2026-10-03,"Takashinga Sports Club, Highfield, Harare",1,17.3,17.3,Zimbabwe,West Indies,B Biza,M Mavunga,K Ramharack,1,0,,,,,,,,,,,,,
1554978,2026,2026-10-03,"Takashinga Sports Club, Highfield, Harare",1,17.4,17.4,Zimbabwe,West Indies,M Mavunga,B Biza,K Ramharack,1,0,,,,,,,,,,,,,
1554978,2026,2026-10-03,"Takashinga Sports Club, Highfield, Harare",1,17.5,17.5,Zimbabwe,West Indies,B Biza,M Mavunga,K Ramharack,0,0,,,,,,,caught,B Biza,,,ASS Fletcher,,
1554978,2026,2026-10-03,"Takashinga Sports Club, Highfield, Harare",1,17.6,17.6,Zimbabwe,West Indies,F Chipare,M Mavunga,K Ramharack,0,0,,,,,,,,,,,,,
1554978,2026,2026-10-03,"Takashinga Sports Club, Highfield, Harare",1,18.1,18.1,Zimbabwe,West Indies,M Mavunga,F Chipare,JKC Claxton,0,1,1,,,,,,,,,,,,
1554978,2026,2026-10-03,"Takashinga Sports Club, Highfield, Harare",1,18.2,18.1,Zimbabwe,West Indies,M Mavunga,F Chipare,JKC Claxton,0,0,,,,,,,,,,,,,
1554978,2026,2026-10-03,"Takashinga Sports Club, Highfield, Harare",1,18.3,18.2,Zimbabwe,West Indies,M Mavunga,F Chipare,JKC Claxton,1,0,,,,,,,,,,,,,
1554978,2026,2026-10-03,"Takashinga Sports Club, Highfield, Harare",1,18.4,18.3,Zimbabwe,West Indies,F Chipare,M Mavunga,JKC Claxton,2,0,,,,,,,,,,,,,
1554978,2026,2026-10-03,"Takashinga Sports Club, Highfield, Harare",1,18.5,18.4,Zimbabwe,West Indies,F Chipare,M Mavunga,JKC Claxton,0,0,,,,,,,caught,F Chipare,,,K Ramharack,,
1554978,2026,2026-10-03,"Takashinga Sports Club, Highfield, Harare",1,18.6,18.5,Zimbabwe,West Indies,K Chigora,M Mavunga,JKC Claxton,1,0,,,,,,,,,,,,,
1554978,2026,2026-10-03,"Takashinga Sports Club, Highfield, Harare",1,18.7,18.6,Zimbabwe,West Indies,M Mavunga,K Chigora,JKC Claxton,0,0,,,,,,,,,,,,,
1554978,2026,2026-10-03,"Takashinga Sports Club, Highfield, Harare",1,19.1,19.1,Zimbabwe,West Indies,K Chigora,M Mavunga,S Hector,0,0,,,,,,,,,,,,,
1554978,2026,2026-10-03,"Takashinga Sports Club, Highfield, Harare",1,19.2,19.2,Zimbabwe,West Indies,K Chigora,M Mavunga,S Hector,0,0,,,,,,,,,,,,,
1554978,2026,2026-10-03,"Takashinga Sports Club, Highfield, Harare",1,19.3,19.3,Zimbabwe,West Indies,K Chigora,M Mavunga,S Hector,1,0,,,,,,,,,,,,,
1554978,2026,2026-10-03,"Takashinga Sports Club, Highfield, Harare",1,19.4,19.4,Zimbabwe,West Indies,M Mavunga,K Chigora,S Hector,0,1,1,,,,,,,,,,,,
1554978,2026,2026-10-03,"Takashinga Sports Club, Highfield, Harare",1,19.5,19.4,Zimbabwe,West Indies,M Mavunga,K Chigora,S Hector,1,0,,,,,,,,,,,,,
1554978,2026,2026-10-03,"Takashinga Sports Club, Highfield, Harare",1,19.6,19.5,Zimbabwe,West Indies,K Chigora,M Mavunga,S Hector,1,0,,,,,,,,,,,,,
1554978,2026,2026-10-03,"Takashinga Sports Club, Highfield, Harare",1,19.7,19.6,Zimbabwe,West Indies,M Mavunga,K Chigora,S Hector,1,0,,,,,,,run out,M Mavunga,,,J Glasgow,M Mangru,
1554978,2026,2026-10-03,"Takashinga Sports Club, Highfield, Harare",2,0.1,0.1,West Indies,Zimbabwe,E Brathwaite,JKC Claxton,K Chigora,0,5,5,,,,,,,,,,,,
1554978,2026,2026-10-03,"Takashinga Sports Club, Highfield, Harare",2,0.2,0.1,West Indies,Zimbabwe,E Brathwaite,JKC Claxton,K Chigora,0,1,1,,,,,,,,,,,,
1554978,2026,2026-10-03,"Takashinga Sports Club, Highfield, Harare",2,0.3,0.1,West Indies,Zimbabwe,E Brathwaite,JKC Claxton,K Chigora,0,0,,,,,,,,,,,,,
1554978,2026,2026-10-03,"Takashinga Sports Club, Highfield, Harare",2,0.4,0.2,West Indies,Zimbabwe,E Brathwaite,JKC Claxton,K Chigora,6,0,,,,,,,,,,,,,
1554978,2026,2026-10-03,"Takashinga Sports Club, Highfield, Harare",2,0.5,0.3,West Indies,Zimbabwe,E Brathwaite,JKC Claxton,K Chigora,1,0,,,,,,,,,,,,,
1554978,2026,2026-10-03,"Takashinga Sports Club, Highfield, Harare",2,0.6,0.4,West Indies,Zimbabwe,JKC Claxton,E Brathwaite,K Chigora,1,0,,,,,,,,,,,,,
1554978,2026,2026-10-03,"Takashinga Sports Club, Highfield, Harare",2,0.7,0.5,West Indies,Zimbabwe,E Brathwaite,JKC Claxton,K Chigora,0,0,,,,,,,,,,,,,
1554978,2026,2026-10-03,"Takashinga Sports Club, Highfield, Harare",2,0.8,0.6,West Indies,Zimbabwe,E Brathwaite,JKC Claxton,K Chigora,0,0,,,,,,,,,,,,,
1554978,2026,2026-10-03,"Takashinga Sports Club, Highfield, Harare",2,1.1,1.1,West Indies,Zimbabwe,JKC Claxton,E Brathwaite,N Gwanzura,0,0,,,,,,,,,,,,,
1554978,2026,2026-10-03,"Takashinga Sports Club, Highfield, Harare",2,1.2,1.2,West Indies,Zimbabwe,JKC Claxton,E Brathwaite,N Gwanzura,0,0,,,,,,,,,,,,,
1554978,2026,2026-10-03,"Takashinga Sports Club, Highfield, Harare",2,1.3,1.3,West Indies,Zimbabwe,JKC Claxton,E Brathwaite,N Gwanzura,1,0,,,,,,,,,,,,,
1554978,2026,2026-10-03,"Takashinga Sports Club, Highfield, Harare",2,1.4,1.4,West Indies,Zimbabwe,E Brathwaite,JKC Claxton,N Gwanzura,4,0,,,,,,,,,,,,,
1554978,2026,2026-10-03,"Takashinga Sports Club, Highfield, Harare",2,1.5,1.5,West Indies,Zimbabwe,E Brathwaite,JKC Claxton,N Gwanzura,0,1,,,,1,,,,,,,,,
1554978,2026,2026-10-03,"Takashinga Sports Club, Highfield, Harare",2,1.6,1.6,West Indies,Zimbabwe,JKC Claxton,E Brathwaite,N Gwanzura,0,0,,,,,,,,,,,,,
1554978,2026,2026-10-03,"Takashinga Sports Club, Highfield, Harare",2,2.1,2.1,West Indies,Zimbabwe,E Brathwaite,JKC Claxton,M Mavunga,0,0,,,,,,,,,,,,,
1554978,2026,2026-10-03,"Takashinga Sports Club, Highfield, Harare",2,2.2,2.2,West Indies,Zimbabwe,E Brathwaite,JKC Claxton,M Mavunga,1,0,,,,,,,,,,,,,
1554978,2026,2026-10-03,"Takashinga Sports Club, Highfield, Harare",2,2.3,2.3,West Indies,Zimbabwe,JKC Claxton,E Brathwaite,M Mavunga,0,0,,,,,,,,,,,,,
1554978,2026,2026-10-03,"Takashinga Sports Club, Highfield, Harare",2,2.4,2.4,West Indies,Zimbabwe,JKC Claxton,E Brathwaite,M Mavunga,1,0,,,,,,,,,,,,,
1554978,2026,2026-10-03,"Takashinga Sports Club, Highfield, Harare",2,2.5,2.5,West Indies,Zimbabwe,E Brathwaite,JKC Claxton,M Mavunga,6,0,,,,,,,,,,,,,
1554978,2026,2026-10-03,"Takashinga Sports Club, Highfield, Harare",2,2.6,2.6,West Indies,Zimbabwe,E Brathwaite,JKC Claxton,M Mavunga,4,0,,,,,,,,,,,,,
1554978,2026,2026-10-03,"Takashinga Sports Club, Highfield, Harare",2,3.1,3.1,West Indies,Zimbabwe,JKC Claxton,E Brathwaite,N Gwanzura,0,0,,,,,,,,,,,,,
1554978,2026,2026-10-03,"Takashinga Sports Club, Highfield, Harare",2,3.2,3.2,West Indies,Zimbabwe,JKC Claxton,E Brathwaite,N Gwanzura,4,0,,,,,,,,,,,,,
1554978,2026,2026-10-03,"Takashinga Sports Club, Highfield, Harare",2,3.3,3.3,West Indies,Zimbabwe,JKC Claxton,E Brathwaite,N Gwanzura,0,0,,,,,,,,,,,,,
1554978,2026,2026-10-03,"Takashinga Sports Club, Highfield, Harare",2,3.4,3.4,West Indies,Zimbabwe,JKC Claxton,E Brathwaite,N Gwanzura,1,0,,,,,,,,,,,,,
1554978,2026,2026-10-03,"Takashinga Sports Club, Highfield, Harare",2,3.5,3.5,West Indies,Zimbabwe,E Brathwaite,JKC Claxton,N Gwanzura,0,0,,,,,,,,,,,,,
1554978,2026,2026-10-03,"Takashinga Sports Club, Highfield, Harare",2,3.6,3.6,West Indies,Zimbabwe,E Brathwaite,JKC Claxton,N Gwanzura,1,0,,,,,,,,,,,,,
1554978,2026,2026-10-03,"Takashinga Sports Club, Highfield, Harare",2,4.1,4.1,West Indies,Zimbabwe,E Brathwaite,JKC Claxton,O Chare,0,0,,,,,,,bowled,E Brathwaite,,,,,
1554978,2026,2026-10-03,"Takashinga Sports Club, Highfield, Harare",2,4.2,4.2,West Indies,Zimbabwe,RMAU Grimmond,JKC Claxton,O Chare,0,0,,,,,,,,,,,,,
1554978,2026,2026-10-03,"Takashinga Sports Club, Highfield, Harare",2,4.3,4.3,West Indies,Zimbabwe,RMAU Grimmond,JKC Claxton,O Chare,6,0,,,,,,,,,,,,,
1554978,2026,2026-10-03,"Takashinga Sports Club, Highfield, Harare",2,4.4,4.4,West Indies,Zimbabwe,RMAU Grimmond,JKC Claxton,O Chare,0,0,,,,,,,,,,,,,
1554978,2026,2026-10-03,"Takashinga Sports Club, Highfield, Harare",2,4.5,4.5,West Indies,Zimbabwe,RMAU Grimmond,JKC Claxton,O Chare,0,0,,,,,,,,,,,,,
1554978,2026,2026-10-03,"Takashinga Sports Club, Highfield, Harare",2,4.6,4.6,West Indies,Zimbabwe,RMAU Grimmond,JKC Claxton,O Chare,0,0,,,,,,,,,,,,,
1554978,2026,2026-10-03,"Takashinga Sports Club, Highfield, Harare",2,5.1,5.1,West Indies,Zimbabwe,JKC Claxton,RMAU Grimmond,B Biza,0,0,,,,,,,,,,,,,
1554978,2026,2026-10-03,"Takashinga Sports Club, Highfield, Harare",2,5.2,5.2,West Indies,Zimbabwe,JKC Claxton,RMAU Grimmond,B Biza,2,0,,,,,,,,,,,,,
1554978,2026,2026-10-03,"Takashinga Sports Club, Highfield, Harare",2,5.3,5.3,West Indies,Zimbabwe,JKC Claxton,RMAU Grimmond,B Biza,0,0,,,,,,,,,,,,,
1554978,2026,2026-10-03,"Takashinga Sports Club, Highfield, Harare",2,5.4,5.4,West Indies,Zimbabwe,JKC Claxton,RMAU Grimmond,B Biza,0,0,,,,,,,,,,,,,
1554978,2026,2026-10-03,"Takashinga Sports Club, Highfield, Harare",2,5.5,5.5,West Indies,Zimbabwe,JKC Claxton,RMAU Grimmond,B Biza,2,0,,,,,,,,,,,,,
1554978,2026,2026-10-03,"Takashinga Sports Club, Highfield, Harare",2,5.6,5.6,West Indies,Zimbabwe,JKC Claxton,RMAU Grimmond,B Biza,0,0,,,,,,,,,,,,,
1554978,2026,2026-10-03,"Takashinga Sports Club, Highfield, Harare",2,6.1,6.1,West Indies,Zimbabwe,RMAU Grimmond,JKC Claxton,O Chare,1,0,,,,,,,,,,,,,
1554978,2026,2026-10-03,"Takashinga Sports Club, Highfield, Harare",2,6.2,6.2,West Indies,Zimbabwe,JKC Claxton,RMAU Grimmond,O Chare,0,1,,,1,,,,,,,,,,
1554978,2026,2026-10-03,"Takashinga Sports Club, Highfield, Harare",2,6.3,6.3,West Indies,Zimbabwe,RMAU Grimmond,JKC Claxton,O Chare,0,0,,,,,,,,,,,,,
1554978,2026,2026-10-03,"Takashinga Sports Club, Highfield, Harare",2,6.4,6.4,West Indies,Zimbabwe,RMAU Grimmond,JKC Claxton,O Chare,1,0,,,,,,,,,,,,,
1554978,2026,2026-10-03,"Takashinga Sports Club, Highfield, Harare",2,6.5,6.5,West Indies,Zimbabwe,JKC Claxton,RMAU Grimmond,O Chare,0,0,,,,,,,,,,,,,
1554978,2026,2026-10-03,"Takashinga Sports Club, Highfield, Harare",2,6.6,6.6,West Indies,Zimbabwe,JKC Claxton,RMAU Grimmond,O Chare,0,0,,,,,,,,,,,,,
1554978,2026,2026-10-03,"Takashinga Sports Club, Highfield, Harare",2,7.1,7.1,West Indies,Zimbabwe,RMAU Grimmond,JKC Claxton,F Chipare,0,0,,,,,,,,,,,,,
1554978,2026,2026-10-03,"Takashinga Sports Club, Highfield, Harare",2,7.2,7.2,West Indies,Zimbabwe,RMAU Grimmond,JKC Claxton,F Chipare,4,0,,,,,,,,,,,,,
1554978,2026,2026-10-03,"Takashinga Sports Club, Highfield, Harare",2,7.3,7.3,West Indies,Zimbabwe,RMAU Grimmond,JKC Claxton,F Chipare,1,0,,,,,,,,,,,,,
1554978,2026,2026-10-03,"Takashinga Sports Club, Highfield, Harare",2,7.4,7.4,West Indies,Zimbabwe,JKC Claxton,RMAU Grimmond,F Chipare,0,0,,,,,,,,,,,,,
1554978,2026,2026-10-03,"Takashinga Sports Club, Highfield, Harare",2,7.5,7.5,West Indies,Zimbabwe,JKC Claxton,RMAU Grimmond,F Chipare,0,1,1,,,,,,,,,,,,
1554978,2026,2026-10-03,"Takashinga Sports Club, Highfield, Harare",2,7.6,7.5,West Indies,Zimbabwe,JKC Claxton,RMAU Grimmond,F Chipare,1,0,,,,,,,,,,,,,
1554978,2026,2026-10-03,"Takashinga Sports Club, Highfield, Harare",2,7.7,7.6,West Indies,Zimbabwe,RMAU Grimmond,JKC Claxton,F Chipare,0,0,,,,,,,,,,,,,
1554978,2026,2026-10-03,"Takashinga Sports Club, Highfield, Harare",2,8.1,8.1,West Indies,Zimbabwe,JKC Claxton,RMAU Grimmond,O Chare,0,0,,,,,,,,,,,,,
1554978,2026,2026-10-03,"Takashinga Sports Club, Highfield, Harare",2,8.2,8.2,West Indies,Zimbabwe,JKC Claxton,RMAU Grimmond,O Chare,1,0,,,,,,,,,,,,,
1554978,2026,2026-10-03,"Takashinga Sports Club, Highfield, Harare",2,8.3,8.3,West Indies,Zimbabwe,RMAU Grimmond,JKC Claxton,O Chare,0,0,,,,,,,,,,,,,
1554978,2026,2026-10-03,"Takashinga Sports Club, Highfield, Harare",2,8.4,8.4,West Indies,Zimbabwe,RMAU Grimmond,JKC Claxton,O Chare,1,0,,,,,,,,,,,,,
1554978,2026,2026-10-03,"Takashinga Sports Club, Highfield, Harare",2,8.5,8.5,West Indies,Zimbabwe,JKC Claxton,RMAU Grimmond,O Chare,1,0,,,,,,,,,,,,,
1554978,2026,2026-10-03,"Takashinga Sports Club, Highfield, Harare",2,8.6,8.6,West Indies,Zimbabwe,RMAU Grimmond,JKC Claxton,O Chare,4,0,,,,,,,,,,,,,
1554978,2026,2026-10-03,"Takashinga Sports Club, Highfield, Harare",2,9.1,9.1,West Indies,Zimbabwe,JKC Claxton,RMAU Grimmond,F Chipare,0,0,,,,,,,,,,,,,
1554978,2026,2026-10-03,"Takashinga Sports Club, Highfield, Harare",2,9.2,9.2,West Indies,Zimbabwe,JKC Claxton,RMAU Grimmond,F Chipare,0,0,,,,,,,,,,,,,
1554978,2026,2026-10-03,"Takashinga Sports Club, Highfield, Harare",2,9.3,9.3,West Indies,Zimbabwe,JKC Claxton,RMAU Grimmond,F Chipare,1,0,,,,,,,,,,,,,
1554978,2026,2026-10-03,"Takashinga Sports Club, Highfield, Harare",2,9.4,9.4,West Indies,Zimbabwe,RMAU Grimmond,JKC Claxton,F Chipare,2,0,,,,,,,,,,,,,
1554978,2026,2026-10-03,"Takashinga Sports Club, Highfield, Harare",2,9.5,9.5,West Indies,Zimbabwe,RMAU Grimmond,JKC Claxton,F Chipare,0,0,,,,,,,,,,,,,
1554978,2026,2026-10-03,"Takashinga Sports Club, Highfield, Harare",2,9.6,9.6,West Indies,Zimbabwe,RMAU Grimmond,JKC Claxton,F Chipare,4,0,,,,,,,,,,,,,
1554978,2026,2026-10-03,"Takashinga Sports Club, Highfield, Harare",2,10.1,10.1,West Indies,Zimbabwe,JKC Claxton,RMAU Grimmond,O Chare,0,0,,,,,,,,,,,,,
1554978,2026,2026-10-03,"Takashinga Sports Club, Highfield, Harare",2,10.2,10.2,West Indies,Zimbabwe,JKC Claxton,RMAU Grimmond,O Chare,4,0,,,,,,,,,,,,,
1554978,2026,2026-10-03,"Takashinga Sports Club, Highfield, Harare",2,10.3,10.3,West Indies,Zimbabwe,JKC Claxton,RMAU Grimmond,O Chare,1,0,,,,,,,,,,,,,
1554978,2026,2026-10-03,"Takashinga Sports Club, Highfield, Harare",2,10.4,10.4,West Indies,Zimbabwe,RMAU Grimmond,JKC Claxton,O Chare,0,0,,,,,,,,,,,,,
1554978,2026,2026-10-03,"Takashinga Sports Club, Highfield, Harare",2,10.5,10.5,West Indies,Zimbabwe,RMAU Grimmond,JKC Claxton,O Chare,0,0,,,,,,,,,,,,,
1554978,2026,2026-10-03,"Takashinga Sports Club, Highfield, Harare",2,10.6,10.6,West Indies,Zimbabwe,RMAU Grimmond,JKC Claxton,O Chare,2,0,,,,,,,,,,,,,
1554978,2026,2026-10-03,"Takashinga Sports Club, Highfield, Harare",2,11.1,11.1,West Indies,Zimbabwe,JKC Claxton,RMAU Grimmond,K Chigora,4,0,,,,,,,,,,,,,
1554978,2026,2026-10-03,"Takashinga Sports Club, Highfield, Harare",2,11.2,11.2,West Indies,Zimbabwe,JKC Claxton,RMAU Grimmond,K Chigora,0,0,,,,,,,,,,,,,
1554978,2026,2026-10-03,"Takashinga Sports Club, Highfield, Harare",2,11.3,11.3,West Indies,Zimbabwe,JKC Claxton,RMAU Grimmond,K Chigora,1,0,,,,,,,,,,,,,
1554978,2026,2026-10-03,"Takashinga Sports Club, Highfield, Harare",2,11.4,11.4,West Indies,Zimbabwe,RMAU Grimmond,JKC Claxton,K Chigora,4,0,,,,,,,,,,,,,
1554978,2026,2026-10-03,"Takashinga Sports Club, Highfield, Harare",2,11.5,11.5,West Indies,Zimbabwe,RMAU Grimmond,JKC Claxton,K Chigora,4,0,,,,,,,,,,,,,
1554978,2026,2026-10-03,"Takashinga Sports Club, Highfield, Harare",2,11.6,11.6,West Indies,Zimbabwe,RMAU Grimmond,JKC Claxton,K Chigora,0,0,,,,,,,,,,,,,
1554978,2026,2026-10-03,"Takashinga Sports Club, Highfield, Harare",2,12.1,12.1,West Indies,Zimbabwe,JKC Claxton,RMAU Grimmond,B Biza,0,0,,,,,,,,,,,,,
1554978,2026,2026-10-03,"Takashinga Sports Club, Highfield, Harare",2,12.2,12.2,West Indies,Zimbabwe,JKC Claxton,RMAU Grimmond,B Biza,4,0,,,,,,,,,,,,,
1554978,2026,2026-10-03,"Takashinga Sports Club, Highfield, Harare",2,12.3,12.3,West Indies,Zimbabwe,JKC Claxton,RMAU Grimmond,B Biza,1,0,,,,,,,,,,,,,
1554978,2026,2026-10-03,"Takashinga Sports Club, Highfield, Harare",2,12.4,12.4,West Indies,Zimbabwe,RMAU Grimmond,JKC Claxton,B Biza,0,0,,,,,,,caught and bowled,RMAU Grimmond,,,,,
1554978,2026,2026-10-03,"Takashinga Sports Club, Highfield, Harare",2,12.5,12.5,West Indies,Zimbabwe,SR Taylor,JKC Claxton,B Biza,1,0,,,,,,,,,,,,,
